expert_type	hire_type	role_type	partner_name	agent_status_adj	attr_status_adj	training_wave	university	grad_year	major	remote	expert_cnt	ps_handle_min	ps_handle_cnt	ps_aht	ps_tnps_num	ps_tnps_denom	ps_tnps	exec_ps_aht_num	exec_ps_aht_denom
PathEDU	New Hire	PS	EDUCATION AT WORK	TermAfterPeak	AttrAfterPeak	Wave 5	Arizona State University	Freshman	Business	Onsite	2	19025.13333	1092	17.422283	70	144	48.6111	14321.98333	858
PathEDU	New Hire	PS	EDUCATION AT WORK	TermBeforePeak	AttrBeforePeak	Wave 5	Utah Valley University	Senior	Non-Business	NaN	1	500.05	38	13.159211	-5	6	-83.3333	500.05	38
PathEDU	New Hire	PS	EDUCATION AT WORK	TermAfterPeak	AttrAfterPeak	Wave 1	Arizona State University	Freshman	Non-Business	Onsite	6	68266.08334	3794	17.993169	172	341	50.4399	53225.7	3298
PathEDU	New Hire	PS	EDUCATION AT WORK	TermAfterPeak	AttrAfterPeak	Wave 4	Arizona State University	Sophomore	Non-Business	Onsite	1	8006.566664	442	18.114404	42	59	71.1864	5069.116667	298
PathEDU	New Hire	PS	FOUNDEVER	TermAfterPeak	AttrAfterPeak	Wave 5	Marshall	Senior	Non-Business	Virtual	2	9239.916668	381	24.25175	30	45	66.6667	9020.816667	424
PathEDU	New Hire	PS	EDUCATION AT WORK	TermBeforePeak	AttrBeforePeak	Wave 1	University Of Texas - El Paso	Sophomore	Non-Business	NaN	1	2020.333333	112	18.03869	2	10	20	2147.7	116
PathEDU	New Hire	PS	EDUCATION AT WORK	TermBeforePeak	AttrBeforePeak	Wave 4	University Of Texas - El Paso	Junior	Non-Business	NaN	2	698.866667	38	18.391228	-1	4	-25	698.866667	38
PathEDU	New Hire	PS	EDUCATION AT WORK	TermAfterPeak	AttrAfterPeak	Wave 4	University Of Arizona	Junior	Non-Business	Virtual	1	6332.266665	348	18.196169	8	19	42.1053	3569.85	183
PathEDU	New Hire	PS	EDUCATION AT WORK	TermAfterPeak	AttrAfterPeak	Wave 4	University Of Texas - El Paso	Senior	Business	Virtual	1	997.85	66	15.118939	0	4	0	1095.166667	73
PathEDU	New Hire	PS	FOUNDEVER	TermBeforePeak	AttrBeforePeak	Wave 7	Marshall	Freshman	Non-Business	Virtual	1	1534.416667	58	26.45546	2	6	33.3333	1091.516667	44
PathEDU	New Hire	PS	EDUCATION AT WORK	TermAfterPeak	AttrAfterPeak	Wave 7	Arizona State University	Sophomore	Business	Onsite	1	3991.433334	184	21.692572	14	27	51.8519	2366.266667	123
PathEDU	New Hire	PS	EDUCATION AT WORK	TermAfterPeak	AttrAfterPeak	Wave 2	Northern Kentucky University	Freshman	Non-Business	Virtual	1	4664.183336	261	17.870434	14	33	42.4242	3733.3	221
PathEDU	New Hire	PS	EDUCATION AT WORK	TermBeforePeak	AttrBeforePeak	Wave 5	University Of Texas - El Paso	Senior	Business	NaN	1	3783.516665	187	20.232709	1	5	20	4375.433333	261
PathEDU	New Hire	PS	EDUCATION AT WORK	TermAfterPeak	AttrAfterPeak	Wave 5	University of Cincinnati	Junior	Non-Business	Virtual	2	6666.966669	337	19.783284	20	30	66.6667	5318.183333	272
PathEDU	New Hire	PS	EDUCATION AT WORK	TermBeforePeak	AttrBeforePeak	Wave 1	Arizona State University	Junior	Business	Onsite	1	730.65	51	14.326471	1	10	10	731.1	52
PathEDU	New Hire	PS	EDUCATION AT WORK	TermAfterPeak	AttrAfterPeak	Wave 4	University of Cincinnati	Junior	Non-Business	Virtual	1	11567.01667	455	25.422015	20	46	43.4783	9299.266667	383
PathEDU	New Hire	PS	EDUCATION AT WORK	TermBeforePeak	AttrBeforePeak	Wave 1	USA | Texas	NaN	Business	Onsite	2	3467.466666	322	10.76853	-5	24	-20.8333	3643.983333	336
PathEDU	New Hire	PS	EDUCATION AT WORK	TermAfterPeak	AttrAfterPeak	Wave 4	University Of Texas - El Paso	Freshman	Business	Onsite	1	4158.9	128	32.491406	13	21	61.9048	3439.166667	146
PathEDU	New Hire	PS	EDUCATION AT WORK	TermBeforePeak	AttrBeforePeak	Wave 6	University of North Texas	Freshman	Business	Virtual	1	2659.999999	139	19.136691	3	15	20	1902.55	106
PathEDU	New Hire	PS	EDUCATION AT WORK	TermAfterPeak	AttrAfterPeak	Wave 2	University Of Texas - El Paso	Freshman	Non-Business	Virtual	1	8960.750004	403	22.235112	31	50	62	8800.4	452
PathEDU	New Hire	PS	EDUCATION AT WORK	TermAfterPeak	AttrAfterPeak	Wave 6	University of North Texas	Freshman	Business	Virtual	1	4309.683335	312	13.813088	9	24	37.5	2666.016667	202
PathEDU	New Hire	PS	EDUCATION AT WORK	TermBeforePeak	AttrBeforePeak	Wave 5	Arizona State University	Senior	Business	Onsite	1	3148.499999	111	28.364865	19	30	63.3333	2921.216667	130
PathEDU	New Hire	PS	EDUCATION AT WORK	TermAfterPeak	AttrAfterPeak	Wave 6	Arizona State University	Freshman	Business	Onsite	1	7852.116667	286	27.454953	24	35	68.5714	5404.116667	237
PathEDU	New Hire	PS	EDUCATION AT WORK	TermAfterPeak	AttrAfterPeak	Wave 4	Arizona State University	Freshman	Non-Business	Onsite	2	20570.95	1091	18.855133	64	96	66.6667	12917.43333	727
PathEDU	New Hire	PS	EDUCATION AT WORK	TermAfterPeak	AttrAfterPeak	Wave 2	Arizona State University	Senior	Business	Onsite	1	14317.48334	927	15.444966	34	74	45.9459	7791.7	516
PathEDU	New Hire	PS	EDUCATION AT WORK	TermAfterPeak	AttrAfterPeak	Wave 5	University Of Texas - El Paso	Sophomore	Non-Business	Virtual	2	13871.36667	595	23.313221	13	52	25	11288.58333	519
PathEDU	New Hire	PS	EDUCATION AT WORK	TermAfterPeak	AttrAfterPeak	Wave 4	University Of Texas - El Paso	Junior	Business	Virtual	1	10444.51667	534	19.55902	23	43	53.4884	8971.466667	475
PathEDU	New Hire	PS	FOUNDEVER	TermAfterPeak	AttrAfterPeak	Wave 6	Marshall	?	Non-Business	Virtual	1	4436.066667	278	15.957074	12	29	41.3793	3607.633333	196
PathEDU	New Hire	PS	FOUNDEVER	TermAfterPeak	AttrAfterPeak	Wave 7	Marshall	Senior	Non-Business	Virtual	3	11169.9	548	20.383029	12	36	33.3333	8134.450001	486
PathEDU	New Hire	PS	EDUCATION AT WORK	TermAfterPeak	AttrAfterPeak	Wave 5	University Of Arizona	Sophomore	Non-Business	Virtual	1	4244.333334	160	26.527083	14	23	60.8696	4347.333333	181
PathEDU	New Hire	PS	EDUCATION AT WORK	TermBeforePeak	AttrBeforePeak	Wave 2	University Of Texas - El Paso	Senior	Non-Business	NaN	2	1236.649999	78	15.854487	-1	2	-50	1287.15	82
PathEDU	New Hire	PS	EDUCATION AT WORK	TermBeforePeak	AttrBeforePeak	Wave 4	USA | Arizona	NaN	Business	Onsite	1	36.783333	5	7.356667	null	null	null	36.783333	5
PathEDU	New Hire	PS	EDUCATION AT WORK	TermBeforePeak	AttrBeforePeak	Wave 2	University Of Texas - El Paso	Sophomore	Business	NaN	1	585.516665	49	11.94932	-1	3	-33.3333	726.033333	55
PathEDU	New Hire	PS	EDUCATION AT WORK	TermAfterPeak	AttrAfterPeak	Wave 6	Remote Kentucky	NaN	Business	Virtual	1	783.616666	30	26.120556	2	5	40	785.1	31
PathEDU	New Hire	PS	FOUNDEVER	TermBeforePeak	AttrBeforePeak	Wave 6	Marshall	Senior	Business	Virtual	1	738.366667	74	9.977928	-1	6	-16.6667	738.366667	74
PathEDU	New Hire	PS	FOUNDEVER	TermBeforePeak	AttrBeforePeak	Wave 7	Marshall	Sophomore	Business	Virtual	2	254.016667	17	14.942157	1	1	100	282.583334	18
PathEDU	New Hire	PS	EDUCATION AT WORK	TermAfterPeak	AttrAfterPeak	Wave 4	El Paso Community College	Senior	Non-Business	Virtual	1	3873.183331	378	10.246517	-1	17	-5.8824	3546.866667	333
PathEDU	New Hire	PS	EDUCATION AT WORK	TermAfterPeak	AttrAfterPeak	Wave 1	University Of Texas - El Paso	Sophomore	Non-Business	Onsite	1	6069.683335	644	9.424974	15	39	38.4615	4023.5	588
PathEDU	New Hire	PS	EDUCATION AT WORK	TermAfterPeak	AttrAfterPeak	Wave 5	University of Utah	Freshman	Business	Onsite	1	8760.616669	600	14.601028	26	53	49.0566	6209.533333	441
PathEDU	New Hire	PS	EDUCATION AT WORK	TermBeforePeak	AttrBeforePeak	Wave 4	University Of Arizona	Senior	Non-Business	NaN	1	646.7	53	12.201887	3	3	100	646.7	53
PathEDU	New Hire	PS	FOUNDEVER	TermAfterPeak	AttrAfterPeak	Wave 5	Marshall	Sophomore	Business	Virtual	1	5582.683336	282	19.796749	19	40	47.5	2857.15	157
PathEDU	New Hire	PS	EDUCATION AT WORK	TermBeforePeak	AttrBeforePeak	Wave 5	University Of Texas - El Paso	Senior	Non-Business	Virtual	1	1535.849998	131	11.724046	-2	10	-20	1599.6	123
PathEDU	New Hire	PS	EDUCATION AT WORK	TermAfterPeak	AttrAfterPeak	Wave 6	Arizona State University	Sophomore	Business	Onsite	1	7098.983333	328	21.643242	19	36	52.7778	5538.516667	244
PathEDU	New Hire	PS	EDUCATION AT WORK	TermAfterPeak	AttrAfterPeak	Wave 2	Northern Kentucky University	Incoming Freshman	Non-Business	Virtual	1	7771.816667	604	12.867246	-6	37	-16.2162	7010.916667	558
PathEDU	New Hire	PS	EDUCATION AT WORK	TermAfterPeak	AttrAfterPeak	Wave 4	Northern Kentucky University	Sophomore	Business	Virtual	1	10854.6	409	26.539364	12	26	46.1538	7007.9	331
PathEDU	New Hire	PS	FOUNDEVER	TermAfterPeak	AttrAfterPeak	Wave 6	Marshall	Junior	Non-Business	Virtual	3	13826.51667	730	18.940434	32	65	49.2308	11932.5	663
PathEDU	New Hire	PS	EDUCATION AT WORK	TermBeforePeak	AttrBeforePeak	Wave 5	Arizona State University	Senior	Business	NaN	2	1994.05	84	23.73869	5	13	38.4615	2127.366667	92
PathEDU	New Hire	PS	FOUNDEVER	TermAfterPeak	AttrAfterPeak	Wave 7	Marshall	Senior	Business	Virtual	1	5409.36667	183	29.559381	17	23	73.913	2574.833333	118
PathEDU	New Hire	PS	FOUNDEVER	TermAfterPeak	AttrAfterPeak	Wave 5	Marshall	Junior	Non-Business	Virtual	4	15671.13333	902	17.373762	44	76	57.8947	10065.25	612
PathEDU	New Hire	PS	EDUCATION AT WORK	TermBeforePeak	AttrBeforePeak	Wave 1	USA | Arizona	NaN	Business	Onsite	3	3775.316668	225	16.779185	0	10	0	3810.133333	233
PathEDU	New Hire	PS	EDUCATION AT WORK	TermBeforePeak	AttrBeforePeak	Wave 4	Arizona State University	Freshman	Business	Onsite	1	5836.183335	459	12.714996	12	49	24.4898	4323.566667	386
PathEDU	New Hire	PS	EDUCATION AT WORK	TermAfterPeak	AttrAfterPeak	Wave 7	USA | Arizona	NaN	Business	Onsite	2	3457.933336	125	27.663467	6	10	60	1964.35	73
PathEDU	New Hire	PS	EDUCATION AT WORK	TermBeforePeak	AttrBeforePeak	Wave 2	Northern Kentucky University	Senior	Business	Virtual	1	1491.566668	140	10.654048	0	6	0	1117.95	107
PathEDU	New Hire	PS	EDUCATION AT WORK	TermAfterPeak	AttrAfterPeak	Wave 5	University Of Arizona	Freshman	Business	Virtual	1	11420.3	511	22.348924	32	44	72.7273	6485.1	283
PathEDU	New Hire	PS	EDUCATION AT WORK	TermBeforePeak	AttrBeforePeak	Wave 5	Arizona State University	Junior	Business	Onsite	1	6830.383333	540	12.648858	25	51	49.0196	3939.866667	275
PathEDU	New Hire	PS	EDUCATION AT WORK	TermBeforePeak	AttrBeforePeak	Wave 5	University of Utah	Senior	Business	Onsite	1	564.266667	29	19.457471	0	2	0	564.966667	31
PathEDU	New Hire	PS	EDUCATION AT WORK	TermBeforePeak	AttrBeforePeak	Wave 1	Salt Lake Community College	Incoming Freshman	Non-Business	NaN	1	2277.25	148	15.386824	1	13	7.6923	1950.316667	138
PathEDU	New Hire	PS	EDUCATION AT WORK	TermAfterPeak	AttrAfterPeak	Wave 6	Paradise Valley Community College	Junior	Business	Virtual	1	11961.2	841	14.222592	34	42	80.9524	8518.95	614
PathEDU	New Hire	PS	EDUCATION AT WORK	TermBeforePeak	AttrBeforePeak	Wave 1	Brigham Young University	Sophomore	Non-Business	Onsite	1	4119.833332	217	18.985407	15	25	60	3098.8	174
PathEDU	New Hire	PS	FOUNDEVER	TermBeforePeak	AttrBeforePeak	Wave 6	Marshall	Junior	Non-Business	Virtual	1	1540.466667	59	26.109605	5	8	62.5	1636.316667	64
PathEDU	New Hire	PS	EDUCATION AT WORK	TermBeforePeak	AttrBeforePeak	Wave 5	University of Cincinnati	Graduate	Non-Business	Virtual	1	1161.433334	68	17.079902	4	9	44.4444	882.433333	55
PathEDU	New Hire	PS	EDUCATION AT WORK	TermAfterPeak	AttrAfterPeak	Wave 1	University of Utah	Sophomore	Non-Business	Onsite	2	19453.55001	855	22.75269	50	85	58.8235	14714.2	874
PathEDU	New Hire	PS	EDUCATION AT WORK	TermAfterPeak	AttrAfterPeak	Wave 4	El Paso Community College	NaN	Non-Business	Virtual	1	4076.533332	225	18.117926	-10	18	-55.5556	3827.366667	212
PathEDU	New Hire	PS	EDUCATION AT WORK	TermBeforePeak	AttrBeforePeak	Wave 4	Remote Texas	NaN	Business	Virtual	1	36.2	2	18.1	null	null	null	36.2	2
PathEDU	New Hire	PS	EDUCATION AT WORK	TermAfterPeak	AttrAfterPeak	Wave 1	University Of Texas - El Paso	Freshman	Business	Onsite	3	28427.18333	1535	18.519338	107	174	61.4943	21598.18333	1429
PathEDU	New Hire	PS	EDUCATION AT WORK	TermAfterPeak	AttrAfterPeak	Wave 4	University Of Texas - El Paso	Graduate	Business	Virtual	1	9707.433335	458	21.195269	1	23	4.3478	5802.05	276
PathEDU	New Hire	PS	EDUCATION AT WORK	TermAfterPeak	AttrAfterPeak	Wave 6	University of Utah	Junior	Business	Onsite	1	1831.400001	158	11.591139	1	3	33.3333	1312.733333	124
PathEDU	New Hire	PS	FOUNDEVER	TermBeforePeak	AttrBeforePeak	Wave 6	Marshall	Freshman	Non-Business	Virtual	2	859.133334	42	20.455556	0	2	0	859.133334	42
PathEDU	New Hire	PS	EDUCATION AT WORK	TermBeforePeak	AttrBeforePeak	Wave 1	University of Utah	Sophomore	Non-Business	Onsite	1	2475.450001	138	17.938043	12	15	80	2114.5	121
PathEDU	New Hire	PS	EDUCATION AT WORK	TermBeforePeak	AttrBeforePeak	Wave 2	University Of Texas - El Paso	Junior	Non-Business	NaN	2	137.733334	12	11.477778	null	null	null	138.166667	13
PathEDU	New Hire	PS	FOUNDEVER	TermBeforePeak	AttrBeforePeak	Wave 7	Marshall	Senior	Business	Virtual	1	421.533334	26	16.212821	1	2	50	465.75	34
PathEDU	New Hire	PS	EDUCATION AT WORK	TermBeforePeak	AttrBeforePeak	Wave 2	Northern Kentucky University	Sophomore	Business	NaN	1	648.733334	46	14.102899	-1	1	-100	648.733333	46
PathEDU	New Hire	PS	EDUCATION AT WORK	TermBeforePeak	AttrBeforePeak	Wave 1	University Of Texas - El Paso	Sophomore	Non-Business	Onsite	2	5075.966667	244	20.803142	1	19	5.2632	5044.95	240
PathEDU	New Hire	PS	EDUCATION AT WORK	TermBeforePeak	AttrBeforePeak	Wave 5	Arizona State University	Freshman	Business	NaN	1	19.1	3	6.366667	-1	1	-100	19.1	3
PathEDU	New Hire	PS	EDUCATION AT WORK	TermBeforePeak	AttrBeforePeak	Wave 5	Arizona State University	Freshman	Non-Business	NaN	1	1247.716667	70	17.824524	0	6	0	1361.616667	73
PathEDU	New Hire	PS	EDUCATION AT WORK	TermAfterPeak	AttrAfterPeak	Wave 2	Northern Kentucky University	Junior	Non-Business	Virtual	1	7336.733335	399	18.387803	21	38	55.2632	7745.616667	447
PathEDU	New Hire	PS	EDUCATION AT WORK	TermAfterPeak	AttrAfterPeak	Wave 2	University Of Texas - El Paso	Junior	Non-Business	Virtual	2	15037.81667	897	16.764567	30	50	60	11091.43333	824
PathEDU	New Hire	PS	EDUCATION AT WORK	TermAfterPeak	AttrAfterPeak	Wave 5	University Of Texas - El Paso	Sophomore	Non-Business	Onsite	1	9599.283331	538	17.842534	5	33	15.1515	8112.216667	444
PathEDU	New Hire	PS	EDUCATION AT WORK	TermBeforePeak	AttrBeforePeak	Wave 2	Arizona State University	Junior	Business	Onsite	1	91.566667	3	30.522222	null	null	null	91.566667	3
PathEDU	New Hire	PS	EDUCATION AT WORK	TermBeforePeak	AttrBeforePeak	Wave 2	University Of Texas - El Paso	Freshman	Non-Business	NaN	1	323.466667	18	17.97037	null	null	null	323.466667	18
PathEDU	New Hire	PS	EDUCATION AT WORK	TermBeforePeak	AttrBeforePeak	Wave 2	Grand Canyon University	Freshman	Business	Onsite	1	31.616667	3	10.538889	-1	1	-100	31.616667	3
PathEDU	New Hire	PS	EDUCATION AT WORK	TermBeforePeak	AttrBeforePeak	Wave 4	El Paso Community College	Senior	Non-Business	Virtual	1	1010.616668	168	6.015575	-1	3	-33.3333	981.016667	167
PathEDU	New Hire	PS	EDUCATION AT WORK	TermAfterPeak	AttrAfterPeak	Wave 4	University Of Texas - El Paso	Senior	Non-Business	Virtual	2	5495.850003	299	18.380769	10	20	50	4096.783333	248
PathEDU	New Hire	PS	EDUCATION AT WORK	TermBeforePeak	AttrBeforePeak	Wave 2	University Of Texas - El Paso	Junior	Non-Business	Virtual	1	4616.333332	406	11.370279	10	20	50	3604.6	308
PathEDU	New Hire	PS	FOUNDEVER	TermBeforePeak	AttrBeforePeak	Wave 5	Marshall	Freshman	Business	Virtual	2	1605.683334	168	9.557639	2	9	22.2222	993.2	116
PathEDU	New Hire	PS	EDUCATION AT WORK	TermAfterPeak	AttrAfterPeak	Wave 5	University of Cincinnati	Junior	Business	Virtual	1	3747.949999	155	24.180323	6	10	60	2958.866667	130
PathEDU	New Hire	PS	EDUCATION AT WORK	TermBeforePeak	AttrBeforePeak	Wave 2	University Of Texas - El Paso	Junior	Business	Virtual	1	1882.300001	261	7.211877	-5	13	-38.4615	1911.266667	266
PathEDU	New Hire	PS	EDUCATION AT WORK	TermAfterPeak	AttrAfterPeak	Wave 5	University Of Texas - El Paso	Junior	Business	Onsite	1	6710.433333	452	14.846091	13	28	46.4286	5649.733333	404
PathEDU	New Hire	PS	EDUCATION AT WORK	TermAfterPeak	AttrAfterPeak	Wave 5	University Of Arizona	Freshman	Non-Business	Onsite	1	3915.533331	303	12.922552	-3	15	-20	2628.383333	223
PathEDU	New Hire	PS	EDUCATION AT WORK	TermAfterPeak	AttrAfterPeak	Wave 2	Utah Valley University	Sophomore	Non-Business	Onsite	1	704.816668	34	20.729902	0	4	0	564	30
PathEDU	New Hire	PS	EDUCATION AT WORK	TermBeforePeak	AttrBeforePeak	Wave 2	Arizona State University	Sophomore	Business	NaN	1	2564.433334	155	16.544731	5	17	29.4118	1746.283333	114
PathEDU	New Hire	PS	EDUCATION AT WORK	TermAfterPeak	AttrAfterPeak	Wave 7	University of Utah	Graduated	Business	Onsite	1	5457.55	322	16.948913	8	17	47.0588	2857.1	171
PathEDU	New Hire	PS	EDUCATION AT WORK	TermAfterPeak	AttrAfterPeak	Wave 5	Salt Lake Community College	Freshman	Business	Onsite	1	9437.949996	458	20.606878	41	57	71.9298	7088.916667	489
PathEDU	New Hire	PS	EDUCATION AT WORK	TermAfterPeak	AttrAfterPeak	Wave 2	University Of Texas - El Paso	Graduate	Non-Business	Virtual	3	14488.08333	724	20.011165	36	73	49.3151	11657.71667	655
PathEDU	New Hire	PS	FOUNDEVER	TermBeforePeak	AttrBeforePeak	Wave 5	Marshall	Sophomore	Non-Business	Virtual	2	1626.383334	90	18.070926	6	6	100	1634.266667	93
PathEDU	New Hire	PS	EDUCATION AT WORK	TermBeforePeak	AttrBeforePeak	Wave 5	Arizona State University	Freshman	Business	Onsite	2	96.266667	5	19.253333	-1	1	-100	96.266667	5
PathEDU	New Hire	PS	FOUNDEVER	TermAfterPeak	AttrAfterPeak	Wave 5	Marshall	Junior	Business	Virtual	2	11556.78333	550	21.012333	23	52	44.2308	9994.7	559
PathEDU	New Hire	PS	EDUCATION AT WORK	TermAfterPeak	AttrAfterPeak	Wave 4	Northern Kentucky University	Senior	Non-Business	Virtual	2	16101.3	977	16.480348	12	82	14.6341	10953.21667	733
PathEDU	New Hire	PS	EDUCATION AT WORK	TermBeforePeak	AttrBeforePeak	Wave 6	Texas Southern University	Sophomore	Business	Virtual	1	525.25	32	16.414063	0	2	0	398.233333	26
PathEDU	New Hire	PS	FOUNDEVER	TermAfterPeak	AttrAfterPeak	Wave 6	Marshall	Junior	Business	Virtual	1	5050.433333	272	18.56777	14	33	42.4242	4230.383333	257
PathEDU	New Hire	PS	EDUCATION AT WORK	TermAfterPeak	AttrAfterPeak	Wave 5	University Of Texas - El Paso	Junior	Business	Virtual	1	9469.699999	669	14.155007	10	39	25.641	6728.266667	493
PathEDU	New Hire	PS	EDUCATION AT WORK	TermAfterPeak	AttrAfterPeak	Wave 6	Other	Sophomore	Business	Virtual	1	660.766666	17	38.868627	1	3	33.3333	343.15	9
PathEDU	New Hire	PS	EDUCATION AT WORK	TermAfterPeak	AttrAfterPeak	Wave 2	University Of Texas - El Paso	Junior	Business	Virtual	1	8752.716669	366	23.914526	14	25	56	6025.65	280
PathEDU	New Hire	PS	FOUNDEVER	TermBeforePeak	AttrBeforePeak	Wave 5	Marshall	Senior	Non-Business	Virtual	3	1903.716668	101	18.84868	2	8	25	2054.15	111
PathEDU	New Hire	PS	EDUCATION AT WORK	TermBeforePeak	AttrBeforePeak	Wave 4	University Of Texas - El Paso	Senior	Non-Business	Onsite	1	154.4	8	19.3	null	null	null	181	9
PathEDU	New Hire	PS	EDUCATION AT WORK	TermAfterPeak	AttrAfterPeak	Wave 4	Arizona State University	Junior	Non-Business	Onsite	1	3041.533333	216	14.081173	16	24	66.6667	2238.25	168
PathEDU	New Hire	PS	EDUCATION AT WORK	TermBeforePeak	AttrBeforePeak	Wave 7	USA | Arizona	NaN	Business	Onsite	2	1351.683333	61	22.158743	5	5	100	700.166666	30
PathEDU	New Hire	PS	EDUCATION AT WORK	TermAfterPeak	AttrAfterPeak	Wave 6	University of Texas - El Paso	Freshman	Business	Onsite	1	6642.049998	394	16.857995	35	47	74.4681	5093.833333	312
PathEDU	New Hire	PS	EDUCATION AT WORK	TermBeforePeak	AttrBeforePeak	Wave 2	El Paso Community College	Sophomore	Non-Business	NaN	1	939.866668	108	8.702469	1	2	50	1737.583333	148
PathEDU	New Hire	PS	EDUCATION AT WORK	TermAfterPeak	AttrAfterPeak	Wave 6	University of North Texas	Senior	Business	Virtual	1	4762.966666	229	20.798981	18	24	75	3351.616667	153
PathEDU	New Hire	PS	EDUCATION AT WORK	TermBeforePeak	AttrBeforePeak	Wave 5	Arizona State University	Junior	Business	NaN	1	72.1	7	10.3	2	2	100	85.5	8
PathEDU	New Hire	PS	EDUCATION AT WORK	TermAfterPeak	AttrAfterPeak	Wave 1	Utah Valley University	Sophomore	Business	Onsite	1	11162.18333	456	24.478472	50	72	69.4444	7380.283333	372
PathEDU	New Hire	PS	EDUCATION AT WORK	TermAfterPeak	AttrAfterPeak	Wave 2	University Of Texas - El Paso	Senior	Non-Business	Virtual	2	19925.13334	1635	12.186626	36	136	26.4706	12650.03333	1106
PathEDU	New Hire	PS	EDUCATION AT WORK	TermAfterPeak	AttrAfterPeak	Wave 1	El Paso Community College	Sophomore	Non-Business	Onsite	1	4436.583336	234	18.959758	7	16	43.75	4231.25	241
PathEDU	New Hire	PS	EDUCATION AT WORK	TermAfterPeak	AttrAfterPeak	Wave 4	Northern Kentucky University	Sophomore	Non-Business	Virtual	1	1573.7	129	12.199225	-2	4	-50	1517.266667	129
PathEDU	New Hire	PS	EDUCATION AT WORK	TermAfterPeak	AttrAfterPeak	Wave 6	USA | Arizona	NaN	Business	Onsite	2	6998.399998	446	15.69148	16	38	42.1053	5257.45	360
PathEDU	New Hire	PS	EDUCATION AT WORK	TermAfterPeak	AttrAfterPeak	Wave 4	El Paso Community College	Senior	Business	Virtual	1	3782.266666	160	23.639167	5	18	27.7778	3302.133333	143
PathEDU	New Hire	PS	EDUCATION AT WORK	TermAfterPeak	AttrAfterPeak	Wave 5	Brigham Young University	Freshman	Non-Business	Onsite	1	11822.98334	723	16.352674	27	56	48.2143	8298.8	639
PathEDU	New Hire	PS	EDUCATION AT WORK	TermAfterPeak	AttrAfterPeak	Wave 1	Arizona State University	Junior	Non-Business	Onsite	3	31999.26667	2076	15.413905	134	220	60.9091	21386.56667	1565
PathEDU	New Hire	PS	EDUCATION AT WORK	TermAfterPeak	AttrAfterPeak	Wave 4	University of Utah	Sophomore	Non-Business	Onsite	1	6144.050001	410	14.985488	19	32	59.375	4172.833333	312
PathEDU	New Hire	PS	EDUCATION AT WORK	TermBeforePeak	AttrBeforePeak	Wave 1	Arizona State University	Freshman	Non-Business	NaN	3	5232.649998	358	14.616341	14	28	50	5366.366667	373
PathEDU	New Hire	PS	EDUCATION AT WORK	TermAfterPeak	AttrAfterPeak	Wave 6	University of Utah	Sophomore	Business	Onsite	1	3342.666667	182	18.3663	22	23	95.6522	2507.116667	167
PathEDU	New Hire	PS	EDUCATION AT WORK	TermAfterPeak	AttrAfterPeak	Wave 2	University Of Texas - El Paso	Graduate	Business	Virtual	1	9448.233329	475	19.891018	24	42	57.1429	6274.666667	371
PathEDU	New Hire	PS	EDUCATION AT WORK	TermBeforePeak	AttrBeforePeak	Wave 4	Northern Kentucky University	Freshman	Non-Business	Virtual	1	3414.916666	146	23.38984	4	14	28.5714	2020.816667	126
PathEDU	New Hire	PS	EDUCATION AT WORK	TermBeforePeak	AttrBeforePeak	Wave 5	Utah Valley University	Junior	Business	NaN	2	1473.350001	67	21.990299	1	10	10	1473.35	67
PathEDU	New Hire	PS	EDUCATION AT WORK	TermAfterPeak	AttrAfterPeak	Wave 2	Northern Kentucky University	NaN	Non-Business	Virtual	1	10881.61667	566	19.225471	21	45	46.6667	7419.3	407
PathEDU	New Hire	PS	EDUCATION AT WORK	TermBeforePeak	AttrBeforePeak	Wave 2	Other	Senior	Business	Onsite	1	88.966667	2	44.483334	null	null	null	88.966667	2
PathEDU	New Hire	PS	EDUCATION AT WORK	TermAfterPeak	AttrAfterPeak	Wave 6	University of Texas - El Paso	Junior	Business	Onsite	1	5599.816666	222	25.224399	7	21	33.3333	4798.25	217
PathEDU	New Hire	PS	EDUCATION AT WORK	TermAfterPeak	AttrAfterPeak	Wave 5	University of Utah	Junior	Business	Onsite	1	1077.249999	66	16.32197	7	13	53.8462	698.216667	36
PathEDU	New Hire	PS	EDUCATION AT WORK	TermAfterPeak	AttrAfterPeak	Wave 6	Xavier University	Junior	Business	Virtual	1	3064.883333	95	32.26193	5	7	71.4286	1769.183333	65
PathEDU	New Hire	PS	EDUCATION AT WORK	TermBeforePeak	AttrBeforePeak	Wave 6	University of Cincinnati	Freshman	Business	Virtual	2	1545.883335	188	8.222784	8	10	80	1432.2	179
PathEDU	New Hire	PS	EDUCATION AT WORK	TermAfterPeak	AttrAfterPeak	Wave 4	University Of Texas - El Paso	Sophomore	Non-Business	Onsite	1	7228.800004	314	23.021656	28	51	54.902	4189.016667	194
PathEDU	New Hire	PS	EDUCATION AT WORK	TermAfterPeak	AttrAfterPeak	Wave 6	Arizona State University	Junior	Business	Onsite	1	4739.133335	225	21.062815	22	31	70.9677	3096.366667	153
PathEDU	New Hire	PS	EDUCATION AT WORK	TermAfterPeak	AttrAfterPeak	Wave 5	University Of Texas - El Paso	Freshman	Business	Onsite	1	960.666667	45	21.348148	1	1	100	960.666667	45
PathEDU	New Hire	PS	FOUNDEVER	TermBeforePeak	AttrBeforePeak	Wave 7	Marshall	Junior	Non-Business	Virtual	2	985.65	48	20.534375	4	5	80	985.65	48
PathEDU	New Hire	PS	EDUCATION AT WORK	TermAfterPeak	AttrAfterPeak	Wave 1	University Of Texas - El Paso	Freshman	Non-Business	Onsite	7	54728.5	2836	19.297779	79	219	36.0731	36026.86667	1946
PathEDU	New Hire	PS	EDUCATION AT WORK	TermAfterPeak	AttrAfterPeak	Wave 1	Salt Lake Community College	Junior	Business	Onsite	1	7827.049998	571	13.707618	21	34	61.7647	5623.566667	485
PathEDU	New Hire	PS	EDUCATION AT WORK	TermAfterPeak	AttrAfterPeak	Wave 2	University Of Arizona	Freshman	Non-Business	Onsite	1	15349.76667	612	25.081318	33	51	64.7059	9784.666667	458
PathEDU	New Hire	PS	EDUCATION AT WORK	TermAfterPeak	AttrAfterPeak	Wave 5	Arizona State University	Sophomore	Business	Onsite	3	20704.86667	1357	15.257824	48	120	40	15384.86667	1065
PathEDU	New Hire	PS	EDUCATION AT WORK	TermAfterPeak	AttrAfterPeak	Wave 5	University Of Texas - El Paso	Junior	Non-Business	Virtual	2	2550.299999	142	17.959859	6	17	35.2941	2004.866667	120
PathEDU	New Hire	PS	EDUCATION AT WORK	TermBeforePeak	AttrBeforePeak	Wave 1	University Of Texas - El Paso	Junior	Business	Onsite	1	347.999999	17	20.470588	null	null	null	358.6	19
PathEDU	New Hire	PS	EDUCATION AT WORK	TermAfterPeak	AttrAfterPeak	Wave 1	Arizona State University	Sophomore	Business	Onsite	1	9927.33333	832	11.931891	33	66	50	7788.633333	706
PathEDU	New Hire	PS	EDUCATION AT WORK	TermBeforePeak	AttrBeforePeak	Wave 5	Utah Valley University	Freshman	Business	NaN	1	79.266667	6	13.211111	null	null	null	79.266667	6
PathEDU	New Hire	PS	EDUCATION AT WORK	TermBeforePeak	AttrBeforePeak	Wave 4	Arizona State University	Freshman	Business	NaN	1	460.483332	48	9.593403	-1	7	-14.2857	460.483333	48
PathEDU	New Hire	PS	EDUCATION AT WORK	TermAfterPeak	AttrAfterPeak	Wave 4	El Paso Community College	Other	Business	Virtual	1	11899.71667	683	17.422718	39	67	58.209	7687.4	436
PathEDU	New Hire	PS	FOUNDEVER	TermBeforePeak	AttrBeforePeak	Wave 5	Marshall	Junior	Business	Virtual	1	1968.383336	134	14.689428	6	6	100	1985.533333	135
PathEDU	New Hire	PS	EDUCATION AT WORK	TermAfterPeak	AttrAfterPeak	Wave 7	University of Texas - El Paso	Junior	Business	Onsite	1	2433.816666	121	20.114187	4	6	66.6667	1617.4	86
PathEDU	New Hire	PS	FOUNDEVER	TermAfterPeak	AttrAfterPeak	Wave 7	Marshall	Freshman	Non-Business	Virtual	2	8063.733334	443	18.202558	8	26	30.7692	5269.566666	279
PathEDU	New Hire	PS	EDUCATION AT WORK	TermAfterPeak	AttrAfterPeak	Wave 4	Northern Kentucky University	Sophomore	Non-Business	Onsite	1	9607.133335	366	26.248998	7	24	29.1667	6892.166667	266
PathEDU	New Hire	PS	EDUCATION AT WORK	TermBeforePeak	AttrBeforePeak	Wave 1	El Paso Community College	Graduate	Business	Onsite	1	40.483333	4	10.120833	null	null	null	40.483333	4
PathEDU	New Hire	PS	EDUCATION AT WORK	TermBeforePeak	AttrBeforePeak	Wave 6	Remote Utah	NaN	Business	Virtual	1	275.65	20	13.7825	1	1	100	252.383333	16
PathEDU	New Hire	PS	EDUCATION AT WORK	TermBeforePeak	AttrBeforePeak	Wave 1	University of Utah	Sophomore	Business	NaN	1	2716.216665	207	13.12182	5	11	45.4545	1503.033333	127
PathEDU	New Hire	PS	EDUCATION AT WORK	TermAfterPeak	AttrAfterPeak	Wave 6	Remote Arizona	NaN	Business	Virtual	2	8675.45	499	17.385671	14	33	42.4242	5409.616666	314
PathEDU	New Hire	PS	FOUNDEVER	TermAfterPeak	AttrAfterPeak	Wave 6	Marshall	Freshman	Non-Business	Virtual	2	11417.43333	660	17.299141	27	52	51.9231	9414.766667	558
PathEDU	New Hire	PS	EDUCATION AT WORK	TermBeforePeak	AttrBeforePeak	Wave 6	EAW-UofU	NaN	Business	Onsite	1	150.183333	7	21.454762	0	1	0	150.183333	7
PathEDU	New Hire	PS	EDUCATION AT WORK	TermBeforePeak	AttrBeforePeak	Wave 1	Utah Valley University	Junior	Business	Onsite	1	1845.75	137	13.472628	13	14	92.8571	1385.283333	145
PathEDU	New Hire	PS	FOUNDEVER	TermBeforePeak	AttrBeforePeak	Wave 6	Marshall	Senior	Non-Business	Virtual	2	2979.300001	144	20.689583	-2	10	-20	3034.566666	152
PathEDU	New Hire	PS	EDUCATION AT WORK	TermAfterPeak	AttrAfterPeak	Wave 2	Northern Kentucky University	Sophomore	Non-Business	Virtual	1	6488.700002	410	15.826098	12	19	63.1579	5905.566667	472
PathEDU	New Hire	PS	EDUCATION AT WORK	TermAfterPeak	AttrAfterPeak	Wave 1	El Paso Community College	Other	Non-Business	Onsite	1	14296.23334	741	19.293162	26	50	52	10546.88333	608
PathEDU	New Hire	PS	EDUCATION AT WORK	TermAfterPeak	AttrAfterPeak	Wave 4	Northern Kentucky University	Junior	Non-Business	Virtual	1	6050.45	440	13.751023	-2	25	-8	6273.783333	451
PathEDU	New Hire	PS	EDUCATION AT WORK	TermBeforePeak	AttrBeforePeak	Wave 5	University Of Texas - El Paso	Junior	Non-Business	Virtual	1	1292.166667	94	13.746454	8	12	66.6667	1379.633333	99
PathEDU	New Hire	PS	EDUCATION AT WORK	TermAfterPeak	AttrAfterPeak	Wave 4	University Of Texas - El Paso	Junior	Non-Business	Virtual	2	9161.333332	435	21.060536	26	42	61.9048	7856.116667	418
PathEDU	New Hire	PS	EDUCATION AT WORK	TermAfterPeak	AttrAfterPeak	Wave 2	El Paso Community College	Senior	Non-Business	Virtual	1	9160.666669	383	23.91819	21	32	65.625	7339.733333	467
PathEDU	New Hire	PS	EDUCATION AT WORK	TermBeforePeak	AttrBeforePeak	Wave 2	Arizona State University	Sophomore	Business	Onsite	1	342.583334	16	21.411458	-1	1	-100	342.583333	16
PathEDU	New Hire	PS	FOUNDEVER	TermAfterPeak	AttrAfterPeak	Wave 6	Marshall	Senior	Non-Business	Virtual	1	2279.766666	132	17.27096	0	6	0	1766.916667	118
PathEDU	New Hire	PS	EDUCATION AT WORK	TermAfterPeak	AttrAfterPeak	Wave 5	Arizona State University	Sophomore	Non-Business	Onsite	2	14766.93333	863	17.111163	70	113	61.9469	10234.6	608
PathEDU	New Hire	PS	EDUCATION AT WORK	TermBeforePeak	AttrBeforePeak	Wave 6	Remote Arizona	NaN	Business	Virtual	2	3691.149999	308	11.984253	8	18	44.4444	3085.366666	238
PathEDU	New Hire	PS	EDUCATION AT WORK	TermBeforePeak	AttrBeforePeak	Wave 1	El Paso Community College	Other	Non-Business	NaN	1	6.05	1	6.05	null	null	null	6.05	1
PathEDU	New Hire	PS	EDUCATION AT WORK	TermAfterPeak	AttrAfterPeak	Wave 5	University Of Texas - El Paso	Senior	Non-Business	Virtual	1	3677.299999	240	15.322083	6	15	40	3310.833333	242
PathEDU	New Hire	PS	EDUCATION AT WORK	TermBeforePeak	AttrBeforePeak	Wave 1	Arizona State University	Freshman	Business	Onsite	2	2997.716669	147	20.39263	5	13	38.4615	2473.433333	126
PathEDU	New Hire	PS	EDUCATION AT WORK	TermBeforePeak	AttrBeforePeak	Wave 5	University Of Texas - El Paso	Senior	Non-Business	NaN	1	2.333333	2	1.166667	null	null	null	2.333333	2
PathEDU	New Hire	PS	EDUCATION AT WORK	TermBeforePeak	AttrBeforePeak	Wave 5	Arizona State University	Senior	Non-Business	NaN	1	1078.683334	55	19.612424	4	11	36.3636	1078.8	56
PathEDU	New Hire	PS	EDUCATION AT WORK	TermAfterPeak	AttrAfterPeak	Wave 1	University Of Texas - El Paso	Junior	Business	Onsite	1	12318.1	667	18.467916	42	68	61.7647	9430.816667	623
PathEDU	New Hire	PS	EDUCATION AT WORK	TermAfterPeak	AttrAfterPeak	Wave 6	EAW-UofU	NaN	Business	Onsite	4	7556.716668	521	14.504255	18	21	85.7143	5146.633333	320
PathEDU	New Hire	PS	FOUNDEVER	TermBeforePeak	AttrBeforePeak	Wave 7	Marshall	Junior	Business	Virtual	2	268.083333	6	44.680556	null	null	null	268.083333	6
PathEDU	New Hire	PS	EDUCATION AT WORK	TermBeforePeak	AttrBeforePeak	Wave 7	Arizona State University	Sophomore	Business	Onsite	1	169.283333	11	15.389394	-1	1	-100	37.9	4
PathEDU	New Hire	PS	EDUCATION AT WORK	TermAfterPeak	AttrAfterPeak	Wave 2	University Of Texas - El Paso	Freshman	Business	Virtual	4	15975.78334	683	23.390605	34	70	48.5714	10080.08333	526
PathEDU	New Hire	PS	EDUCATION AT WORK	TermAfterPeak	AttrAfterPeak	Wave 7	USA | Texas	NaN	Business	Onsite	8	17240.71667	841	20.500258	30	57	52.6316	10002.93333	594
PathEDU	New Hire	PS	EDUCATION AT WORK	TermAfterPeak	AttrAfterPeak	Wave 4	Arizona State University	Freshman	Business	Virtual	1	7940.433337	427	18.595863	19	40	47.5	5438.033333	309
PathEDU	New Hire	PS	EDUCATION AT WORK	TermAfterPeak	AttrAfterPeak	Wave 5	Utah Valley University	Sophomore	Business	Onsite	1	6557.583333	419	15.650557	10	32	31.25	4916.383333	321
PathEDU	New Hire	PS	EDUCATION AT WORK	TermAfterPeak	AttrAfterPeak	Wave 1	University of Utah	Senior	Business	Onsite	2	10333.76667	579	17.847611	22	41	53.6585	7173.3	423
PathEDU	New Hire	PS	EDUCATION AT WORK	TermAfterPeak	AttrAfterPeak	Wave 6	Arizona State University	Senior	Business	Virtual	1	11572.91667	536	21.591262	53	64	82.8125	4527	218
PathEDU	New Hire	PS	EDUCATION AT WORK	TermBeforePeak	AttrBeforePeak	Wave 5	Utah Valley University	Freshman	Non-Business	Onsite	2	914.949999	91	10.054396	2	2	100	812.433333	83
PathEDU	New Hire	PS	EDUCATION AT WORK	TermAfterPeak	AttrAfterPeak	Wave 6	Other	Freshman	Business	Virtual	2	6084.083333	296	20.554336	11	25	44	4849.05	225
PathEDU	New Hire	PS	EDUCATION AT WORK	TermAfterPeak	AttrAfterPeak	Wave 1	University Of Texas - El Paso	Junior	Non-Business	Onsite	4	38428.21667	1959	19.616241	51	147	34.6939	32105.63333	1827
PathEDU	New Hire	PS	FOUNDEVER	TermBeforePeak	AttrBeforePeak	Wave 7	Marshall	Sophomore	Non-Business	Virtual	4	4599.649999	229	20.085808	-1	12	-8.3333	3886.35	217
PathEDU	New Hire	PS	EDUCATION AT WORK	TermAfterPeak	AttrAfterPeak	Wave 5	El Paso Community College	Sophomore	Non-Business	Virtual	1	9985.133336	507	19.694543	-10	33	-30.303	8755.416667	438
PathEDU	New Hire	PS	EDUCATION AT WORK	TermBeforePeak	AttrBeforePeak	Wave 6	USA | Arizona	NaN	Business	Onsite	3	255.733333	13	19.671795	0	3	0	255.733333	13
PathEDU	New Hire	PS	EDUCATION AT WORK	TermBeforePeak	AttrBeforePeak	Wave 2	University Of Texas - El Paso	Sophomore	Non-Business	NaN	1	1837.666666	92	19.974638	0	4	0	1237.766667	70
PathEDU	New Hire	PS	EDUCATION AT WORK	TermAfterPeak	AttrAfterPeak	Wave 1	University of Utah	Freshman	Business	Onsite	1	7108.783332	633	11.230305	10	44	22.7273	4553.55	543
PathEDU	New Hire	PS	EDUCATION AT WORK	TermAfterPeak	AttrAfterPeak	Wave 1	University Of Texas - El Paso	Incoming Freshman	Business	Onsite	1	7734.300001	459	16.850327	11	47	23.4043	6154.916667	373
PathEDU	New Hire	PS	EDUCATION AT WORK	TermAfterPeak	AttrAfterPeak	Wave 4	University of Utah	Sophomore	Business	Onsite	1	4229.599999	306	13.822222	9	27	33.3333	2040.816667	124
PathEDU	New Hire	PS	EDUCATION AT WORK	TermBeforePeak	AttrBeforePeak	Wave 5	University Of Texas - El Paso	Sophomore	Business	NaN	1	401.833333	28	14.35119	1	3	33.3333	401.833333	28
PathEDU	New Hire	PS	EDUCATION AT WORK	TermBeforePeak	AttrBeforePeak	Wave 2	Arizona State University	Graduate	Non-Business	Onsite	1	7271.849999	460	15.80837	51	64	79.6875	6073.3	392
PathEDU	New Hire	PS	EDUCATION AT WORK	TermBeforePeak	AttrBeforePeak	Wave 5	University Of Texas - El Paso	Senior	Business	Virtual	1	2713.199999	97	27.971134	10	12	83.3333	2638.4	100
PathEDU	New Hire	PS	EDUCATION AT WORK	TermAfterPeak	AttrAfterPeak	Wave 5	El Paso Community College	NaN	Non-Business	Onsite	1	5949.65	308	19.317045	10	16	62.5	2837.9	162
PathEDU	New Hire	PS	FOUNDEVER	TermAfterPeak	AttrAfterPeak	Wave 7	Marshall	Sophomore	Business	Virtual	2	7629.099998	359	21.250975	26	30	86.6667	5690.45	287
PathEDU	New Hire	PS	EDUCATION AT WORK	TermAfterPeak	AttrAfterPeak	Wave 1	Arizona State University	Junior	Business	Onsite	3	27053.78334	1548	17.476604	63	116	54.3103	22302.75	1398
PathEDU	New Hire	PS	EDUCATION AT WORK	TermBeforePeak	AttrBeforePeak	Wave 1	El Paso Community College	NaN	Non-Business	NaN	1	49.816667	3	16.605556	null	null	null	49.816667	3
PathEDU	New Hire	PS	FOUNDEVER	TermAfterPeak	AttrAfterPeak	Wave 7	Marshall	Sophomore	Non-Business	Virtual	2	4418.649998	197	22.429695	6	14	42.8571	3576.283333	164
PathEDU	New Hire	PS	EDUCATION AT WORK	TermAfterPeak	AttrAfterPeak	Wave 5	Salt Lake Community College	Freshman	Non-Business	Onsite	1	5820.516668	349	16.677698	20	35	57.1429	3676.616667	239
PathEDU	New Hire	PS	EDUCATION AT WORK	TermAfterPeak	AttrAfterPeak	Wave 4	El Paso Community College	Junior	Business	Virtual	1	12645.21667	705	17.936478	30	65	46.1538	6060.666667	346
PathEDU	New Hire	PS	EDUCATION AT WORK	TermAfterPeak	AttrAfterPeak	Wave 2	Arizona State University	Freshman	Business	Onsite	1	9119.466667	620	14.708817	27	56	48.2143	6727.716667	444
PathEDU	New Hire	PS	EDUCATION AT WORK	TermBeforePeak	AttrBeforePeak	Wave 4	El Paso Community College	Sophomore	Non-Business	NaN	1	72.716667	6	12.119445	null	null	null	73.35	7
PathEDU	New Hire	PS	EDUCATION AT WORK	TermAfterPeak	AttrAfterPeak	Wave 5	Salt Lake Community College	Junior	Non-Business	Onsite	1	8367.533334	537	15.581999	9	38	23.6842	5198.75	343
PathEDU	New Hire	PS	EDUCATION AT WORK	TermAfterPeak	AttrAfterPeak	Wave 6	University of Texas - Arlington	Freshman	Business	Virtual	1	3990.949999	168	23.755655	5	13	38.4615	2841.85	116
PathEDU	New Hire	PS	EDUCATION AT WORK	TermAfterPeak	AttrAfterPeak	Wave 6	University of Texas - El Paso	Sophomore	Business	Virtual	1	591.316667	19	31.12193	2	2	100	395.516667	14
PathEDU	New Hire	PS	EDUCATION AT WORK	TermAfterPeak	AttrAfterPeak	Wave 6	Remote Ohio	NaN	Business	Virtual	3	5342.649998	598	8.934197	7	21	33.3333	3844.516666	442
PathEDU	New Hire	PS	EDUCATION AT WORK	TermAfterPeak	AttrAfterPeak	Wave 5	Arizona State University	Incoming Freshman	Non-Business	Onsite	1	2560.416667	110	23.276515	18	25	72	2931.216667	135
PathEDU	New Hire	PS	EDUCATION AT WORK	TermAfterPeak	AttrAfterPeak	Wave 4	Arizona State University	Senior	Non-Business	Onsite	1	815.649999	28	29.130357	2	5	40	1080.566667	47
PathEDU	New Hire	PS	EDUCATION AT WORK	TermAfterPeak	AttrAfterPeak	Wave 5	Arizona State University	Freshman	Non-Business	Onsite	1	8929.099999	517	17.270986	19	41	46.3415	7282.966667	432
PathEDU	New Hire	PS	EDUCATION AT WORK	TermAfterPeak	AttrAfterPeak	Wave 2	University Of Texas - El Paso	Senior	Business	Virtual	1	10576.41666	541	19.549754	9	39	23.0769	9195.85	551
PathEDU	New Hire	PS	EDUCATION AT WORK	TermAfterPeak	AttrAfterPeak	Wave 2	University Of Texas - El Paso	Sophomore	Non-Business	Virtual	4	6706.866669	318	21.090776	3	19	15.7895	5293.883333	250
PathEDU	New Hire	PS	EDUCATION AT WORK	TermBeforePeak	AttrBeforePeak	Wave 6	Remote Texas	NaN	Business	Virtual	1	193.966667	2	96.983334	null	null	null	227.483333	3
PathEDU	New Hire	PS	EDUCATION AT WORK	TermAfterPeak	AttrAfterPeak	Wave 2	University Of Arizona	Senior	Non-Business	Onsite	1	13460.85	1114	12.083348	31	80	38.75	8658.033333	790
PathEDU	New Hire	PS	EDUCATION AT WORK	TermAfterPeak	AttrAfterPeak	Wave 1	University of Utah	Freshman	Non-Business	Onsite	1	9726.816667	695	13.99542	54	74	72.973	5794.133333	589
PathEDU	New Hire	PS	FOUNDEVER	TermBeforePeak	AttrBeforePeak	Wave 5	Marshall	Junior	Non-Business	Virtual	3	1438.083334	77	18.676407	-4	4	-100	1466	82
PathEDU	New Hire	PS	EDUCATION AT WORK	TermBeforePeak	AttrBeforePeak	Wave 1	El Paso Community College	Graduate	Non-Business	Onsite	1	4737.966667	330	14.357475	4	14	28.5714	3109.716667	227
PathEDU	New Hire	PS	EDUCATION AT WORK	TermAfterPeak	AttrAfterPeak	Wave 6	El Paso Community College	Junior	Business	Onsite	1	5716.816665	311	18.382047	25	37	67.5676	3131.55	185
PathEDU	New Hire	PS	EDUCATION AT WORK	TermBeforePeak	AttrBeforePeak	Wave 5	Arizona State University	Junior	Non-Business	Onsite	1	2004.633331	114	17.584503	10	17	58.8235	1427.433333	79
PathEDU	New Hire	PS	EDUCATION AT WORK	TermAfterPeak	AttrAfterPeak	Wave 5	Arizona State University	Junior	Non-Business	Onsite	2	14944.71667	639	23.387663	54	76	71.0526	9272.866667	484
PathEDU	New Hire	PS	FOUNDEVER	TermBeforePeak	AttrBeforePeak	Wave 6	Marshall	Sophomore	Non-Business	Virtual	2	347.266667	18	19.292593	1	1	100	347.266667	18
PathEDU	New Hire	PS	EDUCATION AT WORK	TermAfterPeak	AttrAfterPeak	Wave 6	Remote Texas	NaN	Business	Virtual	4	19601.2	895	21.900782	22	73	30.137	13683.83333	644
PathEDU	New Hire	PS	EDUCATION AT WORK	TermBeforePeak	AttrBeforePeak	Wave 5	Northern Kentucky University	Senior	Business	NaN	1	2841.466668	145	19.596322	10	16	62.5	2931.583333	151
PathEDU	New Hire	PS	EDUCATION AT WORK	TermBeforePeak	AttrBeforePeak	Wave 6	NaN	Sophomore	Business	Virtual	1	1913.333332	425	4.501961	-4	5	-80	1323.333333	315
PathEDU	New Hire	PS	EDUCATION AT WORK	TermBeforePeak	AttrBeforePeak	Wave 4	Northern Kentucky University	Sophomore	Non-Business	NaN	1	94.5	10	9.45	-1	1	-100	94.5	10
PathEDU	New Hire	PS	EDUCATION AT WORK	TermAfterPeak	AttrAfterPeak	Wave 1	University Of Texas - El Paso	Sophomore	Business	Onsite	1	10042.86666	487	20.621903	19	33	57.5758	6902.333333	378
PathEDU	New Hire	PS	EDUCATION AT WORK	TermAfterPeak	AttrAfterPeak	Wave 6	null	null	null	null	1	4684.766665	520	9.009167	15	29	51.7241	2770.516667	302
PathEDU	New Hire	PS	EDUCATION AT WORK	TermBeforePeak	AttrBeforePeak	Wave 4	University Of Texas - El Paso	Junior	Business	NaN	1	290.3	16	18.14375	null	null	null	290.3	16
PathEDU	New Hire	PS	EDUCATION AT WORK	TermAfterPeak	AttrAfterPeak	Wave 4	Northern Kentucky University	Other	Business	Virtual	1	10623.75	596	17.825084	-3	39	-7.6923	9039.2	514
PathEDU	New Hire	PS	EDUCATION AT WORK	TermAfterPeak	AttrAfterPeak	Wave 1	Arizona State University	Sophomore	Non-Business	Onsite	2	21098.71667	1211	17.422557	44	90	48.8889	16432.56667	1118
PathEDU	New Hire	PS	EDUCATION AT WORK	TermAfterPeak	AttrAfterPeak	Wave 1	University Of Texas - El Paso	Senior	Business	Onsite	1	11179.96667	778	14.370137	24	66	36.3636	7142.983333	529
PathEDU	New Hire	PS	EDUCATION AT WORK	TermAfterPeak	AttrAfterPeak	Wave 5	El Paso Community College	Senior	Non-Business	Virtual	1	3465.083335	139	24.928657	1	5	20	2470.216667	101
PathEDU	New Hire	PS	EDUCATION AT WORK	TermBeforePeak	AttrBeforePeak	Wave 1	University Of Texas - El Paso	Senior	Non-Business	Onsite	1	278.766667	12	23.230556	null	null	null	278.766667	12
PathEDU	New Hire	PS	EDUCATION AT WORK	TermBeforePeak	AttrBeforePeak	Wave 1	University Of Texas - El Paso	Junior	Non-Business	NaN	2	5196.950001	263	19.760266	2	17	11.7647	4765.283333	244
PathEDU	New Hire	PS	EDUCATION AT WORK	TermBeforePeak	AttrBeforePeak	Wave 5	University of Cincinnati	Sophomore	Non-Business	NaN	1	17.933333	1	17.933333	null	null	null	17.933333	1
PathEDU	New Hire	PS	EDUCATION AT WORK	TermBeforePeak	AttrBeforePeak	Wave 5	Arizona State University	Senior	Non-Business	Onsite	1	17.433333	3	5.811111	null	null	null	17.433333	3
PathEDU	New Hire	PS	EDUCATION AT WORK	TermAfterPeak	AttrAfterPeak	Wave 6	USA | Texas	NaN	Business	Onsite	7	30007.91667	1626	18.455053	78	123	63.4146	20629.21667	1126
PathEDU	New Hire	PS	EDUCATION AT WORK	TermBeforePeak	AttrBeforePeak	Wave 2	University Of Texas - El Paso	Junior	Business	NaN	1	590.866666	27	21.883951	1	1	100	597.15	31
PathEDU	New Hire	PS	EDUCATION AT WORK	TermBeforePeak	AttrBeforePeak	Wave 1	Arizona State University	Freshman	Non-Business	Onsite	1	1855.883333	87	21.331992	7	13	53.8462	1855.883333	87
PathEDU	New Hire	PS	EDUCATION AT WORK	TermAfterPeak	AttrAfterPeak	Wave 1	University Of Texas - El Paso	Senior	Non-Business	Onsite	3	50429.25001	2438	20.68468	121	200	60.5	35821.86667	2043
PathEDU	Re-Hire	PS	EDUCATION AT WORK	TermBeforePeak	AttrBeforePeak	Re-Hire	USA | Arizona	NaN	Business	Onsite	3	1377.75	105	13.121429	2	11	18.1818	1402.150001	114
PathEDU	Re-Hire	PS	EDUCATION AT WORK	TermAfterPeak	AttrAfterPeak	Re-Hire	Arizona State University	Sophomore	Non-Business	Virtual	1	5247.416667	229	22.914483	24	30	80	3118.25	141
PathEDU	Re-Hire	PS	EDUCATION AT WORK	TermAfterPeak	AttrAfterPeak	Re-Hire	University Of Texas - El Paso	Freshman	Non-Business	Onsite	4	29610.15001	1537	19.264899	32	113	28.3186	20281.1	1122
PathEDU	Re-Hire	PS	EDUCATION AT WORK	TermAfterPeak	AttrAfterPeak	Re-Hire	University of Utah	Freshman	Non-Business	Onsite	1	4048.666665	360	11.246296	7	17	41.1765	2760.266667	272
PathEDU	Re-Hire	PS	EDUCATION AT WORK	TermBeforePeak	AttrBeforePeak	Re-Hire	El Paso Community College	Senior	Business	NaN	1	776.266668	42	18.48254	6	8	75	853.75	48
PathEDU	Re-Hire	PS	EDUCATION AT WORK	TermAfterPeak	AttrAfterPeak	Re-Hire	El Paso Community College	Graduate	Non-Business	Virtual	1	18601.65	1538	12.094701	1	65	1.5385	12149.13333	1043
PathEDU	Re-Hire	PS	EDUCATION AT WORK	TermAfterPeak	AttrAfterPeak	Re-Hire	Arizona State University	Sophomore	Non-Business	Onsite	1	4514.766665	255	17.704967	22	43	51.1628	3707.05	292
PathEDU	Re-Hire	PS	EDUCATION AT WORK	TermBeforePeak	AttrBeforePeak	Re-Hire	Arizona State University	Freshman	Business	NaN	1	656.233335	66	9.942929	1	7	14.2857	656.233333	66
PathEDU	Re-Hire	PS	EDUCATION AT WORK	TermAfterPeak	AttrAfterPeak	Re-Hire	University of Utah	Sophomore	Business	Onsite	1	6196.200004	301	20.585382	10	26	38.4615	3961.866667	228
PathEDU	Re-Hire	PS	FOUNDEVER	TermAfterPeak	AttrAfterPeak	Re-Hire	Marshall	Sophomore	Business	Virtual	1	null	null	null	null	null	null	null	null
PathEDU	Re-Hire	PS	EDUCATION AT WORK	TermAfterPeak	AttrAfterPeak	Re-Hire	University Of Texas - El Paso	Junior	Non-Business	Virtual	3	28099.25	1425	19.718772	37	112	33.0357	18801.45	1042
PathEDU	Re-Hire	PS	EDUCATION AT WORK	TermAfterPeak	AttrAfterPeak	Re-Hire	Arizona State University	Freshman	Business	Onsite	1	9797.766667	559	17.527311	29	44	65.9091	7783.266667	483
PathEDU	Re-Hire	PS	EDUCATION AT WORK	TermAfterPeak	AttrAfterPeak	Re-Hire	University of Texas - El Paso	Junior	Business	Onsite	1	2003	87	23.022989	3	5	60	1349.716667	58
PathEDU	Re-Hire	PS	EDUCATION AT WORK	TermAfterPeak	AttrAfterPeak	Re-Hire	University of Utah	Freshman	Business	Onsite	1	7179.633335	371	19.352111	19	29	65.5172	4904.333333	276
PathEDU	Re-Hire	PS	EDUCATION AT WORK	TermBeforePeak	AttrBeforePeak	Re-Hire	University Of Texas - El Paso	Sophomore	Business	NaN	1	451.966666	17	26.586274	1	1	100	451.966667	17
PathEDU	Re-Hire	PS	EDUCATION AT WORK	TermAfterPeak	AttrAfterPeak	Re-Hire	Remote Arizona	NaN	Business	Virtual	1	45.9	1	45.9	null	null	null	45.9	1
PathEDU	Re-Hire	PS	EDUCATION AT WORK	TermAfterPeak	AttrAfterPeak	Re-Hire	University Of Texas - El Paso	Sophomore	Non-Business	Onsite	1	211.533333	17	12.443137	-1	1	-100	211.533333	17
PathEDU	Re-Hire	PS	EDUCATION AT WORK	TermAfterPeak	AttrAfterPeak	Re-Hire	Other	Sophomore	Business	Virtual	1	6978.099997	268	26.037687	13	27	48.1481	4682.783333	182
PathEDU	Re-Hire	PS	EDUCATION AT WORK	TermAfterPeak	AttrAfterPeak	Re-Hire	University Of Texas - El Paso	Freshman	Business	Onsite	1	6351.7	462	13.748268	34	48	70.8333	4827.133333	358
PathEDU	Re-Hire	PS	EDUCATION AT WORK	TermAfterPeak	AttrAfterPeak	Re-Hire	USA | Arizona	NaN	Business	Onsite	1	208.9	11	18.990909	2	2	100	98.633333	3
PathEDU	Re-Hire	PS	EDUCATION AT WORK	TermBeforePeak	AttrBeforePeak	Re-Hire	Arizona State University	Junior	Non-Business	Onsite	1	2327.433334	144	16.162731	15	21	71.4286	2031.333333	140
PathEDU	Re-Hire	PS	EDUCATION AT WORK	TermAfterPeak	AttrAfterPeak	Re-Hire	University Of Texas - El Paso	Incoming Freshman	Business	Onsite	1	12755.85	598	21.330853	43	63	68.254	10625.9	465
PathEDU	Re-Hire	PS	EDUCATION AT WORK	TermAfterPeak	AttrAfterPeak	Re-Hire	University Of Texas - El Paso	Junior	Business	Onsite	1	10340.13333	742	13.93549	16	50	32	6332.1	441
PathEDU	Re-Hire	PS	EDUCATION AT WORK	TermAfterPeak	AttrAfterPeak	Re-Hire	Arizona State University	Senior	Non-Business	Onsite	1	12654.16667	615	20.575881	73	101	72.2772	6686.716667	391
PathEDU	Re-Hire	PS	EDUCATION AT WORK	TermAfterPeak	AttrAfterPeak	Re-Hire	Remote Texas	NaN	Business	Virtual	1	3850.599999	349	11.033238	1	7	14.2857	2719.9	218
PathEDU	Re-Hire	PS	EDUCATION AT WORK	TermAfterPeak	AttrAfterPeak	Re-Hire	El Paso Community College	Freshman	Business	Onsite	1	4318.883334	244	17.700342	5	11	45.4545	4470.133333	248
PathEDU	Re-Hire	PS	EDUCATION AT WORK	TermBeforePeak	AttrBeforePeak	Re-Hire	Northern Kentucky University	Freshman	Non-Business	Virtual	1	11211.43333	478	23.454881	-5	29	-17.2414	8479.716667	373
PathEDU	Re-Hire	PS	EDUCATION AT WORK	TermBeforePeak	AttrBeforePeak	Re-Hire	EAW-UofU	NaN	Business	Onsite	1	64.3	3	21.433333	null	null	null	64.3	3
PathEDU	Re-Hire	PS	EDUCATION AT WORK	TermBeforePeak	AttrBeforePeak	Re-Hire	University Of Texas - El Paso	Junior	Non-Business	Virtual	1	297.55	23	12.936957	0	1	0	297.55	23
PathEDU	Re-Hire	PS	EDUCATION AT WORK	TermAfterPeak	AttrAfterPeak	Re-Hire	University Of Texas - El Paso	Sophomore	Business	Onsite	1	11010.08334	499	22.064295	16	43	37.2093	6985.716667	332
PathEDU	Re-Hire	PS	FOUNDEVER	TermAfterPeak	AttrAfterPeak	Re-Hire	Marshall	Junior	Non-Business	Virtual	3	16382.41667	1041	15.737192	59	93	63.4409	10464.36667	641
PathEDU	Re-Hire	PS	EDUCATION AT WORK	TermAfterPeak	AttrAfterPeak	Re-Hire	Arizona State University	Sophomore	Business	Onsite	1	6126.449999	376	16.29375	13	33	39.3939	3477.766667	220
PathEDU	Re-Hire	PS	EDUCATION AT WORK	TermAfterPeak	AttrAfterPeak	Re-Hire	El Paso Community College	NaN	Non-Business	Onsite	2	33656.8	2391	14.076453	95	158	60.1266	22975.48333	1686
PathEDU	Re-Hire	PS	EDUCATION AT WORK	TermBeforePeak	AttrBeforePeak	Re-Hire	El Paso Community College	NaN	Non-Business	NaN	1	1499.566667	141	10.635225	2	8	25	1499.566667	141
PathEDU	Re-Hire	PS	EDUCATION AT WORK	TermAfterPeak	AttrAfterPeak	Re-Hire	University Of Texas - El Paso	Senior	Non-Business	Onsite	2	24237.36666	1221	19.850423	51	96	53.125	18475.4	976
PathEDU	Re-Hire	PS	EDUCATION AT WORK	TermBeforePeak	AttrBeforePeak	Re-Hire	Arizona State University	Sophomore	Non-Business	NaN	2	4987.533333	273	18.269353	31	44	70.4545	4479.033333	266
PathEDU	Re-Hire	PS	EDUCATION AT WORK	TermAfterPeak	AttrAfterPeak	Re-Hire	Arizona State University	Sophomore	Business	Virtual	1	4444.433334	218	20.387309	15	25	60	2515.666667	140
PathEDU	Re-Hire	PS	EDUCATION AT WORK	TermAfterPeak	AttrDuringTraining	Re-Hire	Remote Texas	NaN	Business	Virtual	1	1318.916668	75	17.585556	2	4	50	953.883333	56
PathEDU	Re-Hire	PS	EDUCATION AT WORK	TermAfterPeak	AttrAfterPeak	Re-Hire	Salt Lake Community College	Junior	Business	Onsite	1	11761.76666	805	14.61089	9	48	18.75	7329.75	557
PathEDU	Re-Hire	PS	EDUCATION AT WORK	TermAfterPeak	AttrAfterPeak	Re-Hire	University Of Texas - El Paso	Sophomore	Business	Virtual	1	920.966666	94	9.797518	-1	6	-16.6667	577.616667	54
PathEDU	Re-Hire	PS	EDUCATION AT WORK	TermAfterPeak	AttrAfterPeak	Re-Hire	Arizona State University	Junior	Non-Business	Onsite	3	30291.71666	1743	17.379069	153	210	72.8571	21976.91667	1427
PathEDU	Re-Hire	PS	EDUCATION AT WORK	TermAfterPeak	AttrAfterPeak	Re-Hire	University Of Texas - El Paso	Sophomore	Non-Business	NaN	1	618.35	141	4.385461	2	2	100	432.45	81
PathEDU	Re-Hire	PS	EDUCATION AT WORK	TermBeforePeak	AttrBeforePeak	Re-Hire	Arizona State University	Freshman	Non-Business	NaN	2	6812.766667	420	16.220873	-1	30	-3.3333	6812.766667	420
PathEDU	Re-Hire	PS	EDUCATION AT WORK	TermBeforePeak	AttrBeforePeak	Re-Hire	Arizona State University	Sophomore	Non-Business	Virtual	1	6.75	1	6.75	null	null	null	6.75	1
PathEDU	Re-Hire	PS	EDUCATION AT WORK	TermAfterPeak	AttrAfterPeak	Re-Hire	University Of Texas - El Paso	Junior	Non-Business	Onsite	5	47637.81667	2500	19.055127	111	216	51.3889	35114.56667	1944
PathEDU	Re-Hire	PS	EDUCATION AT WORK	TermAfterPeak	AttrAfterPeak	Re-Hire	University Of Texas - El Paso	Freshman	Non-Business	Virtual	1	16801.76667	1225	13.715728	21	56	37.5	11090.43333	885
PathEDU	Re-Hire	PS	EDUCATION AT WORK	TermAfterPeak	AttrAfterPeak	Re-Hire	USA | Texas	NaN	Business	Onsite	1	258.683333	20	12.934167	0	1	0	261.333333	21
PathEDU	Re-Hire	PS	EDUCATION AT WORK	TermAfterPeak	AttrAfterPeak	Re-Hire	University of Utah	Junior	Business	Onsite	3	11045.5	754	14.649204	55	93	59.1398	6404.3	558
PathEDU	Re-Hire	PS	EDUCATION AT WORK	TermAfterPeak	AttrAfterPeak	Re-Hire	University of Utah	Incoming Freshman	Non-Business	Onsite	1	5269.333333	269	19.5886	36	45	80	5394.783333	385
PathEDU	Re-Hire	PS	EDUCATION AT WORK	TermBeforePeak	AttrBeforePeak	Re-Hire	Arizona State University	Senior	Non-Business	NaN	2	3536.716668	155	22.817527	-1	8	-12.5	3750	181
PathEDU	Re-Hire	PS	EDUCATION AT WORK	TermBeforePeak	AttrDuringTraining	Re-Hire	Arizona State University	Senior	Business	NaN	1	null	null	null	null	null	null	null	null
PathEDU	Re-Hire	PS	EDUCATION AT WORK	TermBeforePeak	AttrBeforePeak	Re-Hire	University Of Texas - El Paso	Junior	Business	NaN	1	899.899999	56	16.069643	2	6	33.3333	899.9	56
PathEDU	Re-Hire	PS	EDUCATION AT WORK	TermAfterPeak	AttrAfterPeak	Re-Hire	University of Utah	Senior	Non-Business	Onsite	1	10955.11667	743	14.744437	10	40	25	6832.6	489
PathEDU	Re-Hire	PS	EDUCATION AT WORK	TermBeforePeak	AttrBeforePeak	Re-Hire	Arizona State University	Junior	Business	NaN	1	1739.65	113	15.395133	7	8	87.5	1274.383333	97
PathEDU	Re-Hire	PS	EDUCATION AT WORK	TermAfterPeak	AttrAfterPeak	Re-Hire	University Of Texas - El Paso	Graduate	Non-Business	Virtual	3	26580.8	1593	16.686001	49	118	41.5254	17380.85	1151